{
    "loss": 4.043580532073975,
    "accuracy": 0.8090909123420715
}